group_id,brand,side_a_name,side_a_id,side_a_hex,side_b_name,side_b_id,side_b_hex,evidence_url,reason,recommendation
dup-215b581197e595d71341f5362d3d64aec29209bdbcedc619a130894a51ebb220,aceaddity,Marble Marble,aceaddity_pla_marblemarble_1000_175_p,C2C0BA,Marble PLA Marble,aceaddity_pla_marbleplamarble_1000_175_p,ADB4B9,,Spelling/name tie with different or placeholder HEX; no exact first-party common SKU binding proves these historical variants are identical.,unknown
dup-ab2600f560ca16e859bf5f55b7bd2c9375df2cc151a853b699ca6075e2d34c3c,alzament,ABS Gray,alzament_abs_absgray_1000_175_p,939392,ABS Grey,alzament_abs_absgrey_1000_175_p,808080,,Spelling/name tie with different or placeholder HEX; no exact first-party common SKU binding proves these historical variants are identical.,unknown
dup-7f4f5cdbeb4d3f3dda13bb1df31d31ac91cc54ebdd56600d702b3fcc1077fba5,aurapol,L-EGO PLA Red,aurapol_pla_l-egoplared_1000_175_p,E72F1D,L-EGO red,aurapol_pla_l-egored_1000_175_p,ff0000,,"L-EGO is an extra token, not an approved moved qualifier; do not discard it. Binding: qualifier not allowlisted or anchored.",unknown
dup-97d4093cd5eeb5abae12521b13d5af41ff7e37eb0ba23bc6af862e543e513044,aurapol,L-EGO PLA Yellow,aurapol_pla_l-egoplayellow_1000_175_p,FFFC25,L-EGO yellow,aurapol_pla_l-egoyellow_1000_175_p,ffff00,,"L-EGO is an extra token, not an approved moved qualifier; do not discard it. Binding: qualifier not allowlisted or anchored.",unknown
dup-eb4c14f13d80d3665089641be27c68030271374c8c4c1a3006a86e9df11c8c04,creality,PLA Gray,creality_pla_plagray_1000_175_r,959FA1,PLA Grey,creality_pla_plagrey_1000_175_r,ACB1BA,https://store.creality.com/eu/products/hyper-1-75mm-pla-3d-printing-filament-1kg,Spelling/name tie with different or placeholder HEX; no exact first-party common SKU binding proves these historical variants are identical.,unknown
dup-edce4abdd5cab29b4fd8105360be2efa3008314921926c74659a6672e86c2fd2,creality,PLA Gray,creality_pla_plagray_1000_175_p,959FA1,PLA Grey,creality_pla_plagrey_1000_175_p,ACB1BA,https://store.creality.com/eu/products/hyper-1-75mm-pla-3d-printing-filament-1kg,Spelling/name tie with different or placeholder HEX; no exact first-party common SKU binding proves these historical variants are identical.,unknown
dup-b463522edccf59e7a62f6261ccfd03439a99445c2ac18bdae691181ac733d490,dasfilament,DAS FILAMENT Grün,dasfilament_pla_dasfilamentgrn_1000_175_c,85ff58,PLA Grün,dasfilament_pla_plagrn_1000_175_c,7FE200,,Manufacturer tokens occur inside a color label; current lossless binding cannot discard them. Binding: color tokens cannot be dropped by material normalization.,unknown
dup-16506851842feae0bb209ddb6736636a144ea00105cb6cd27b8e75e137c475e1,filamentsdepot,PETG Stone Gray,filamentsdepot_petg_petgstonegray_1000_175_p,c9bba0,PETG Stone Grey,filamentsdepot_petg_petgstonegrey_1000_175_p,5c5e61,https://www.filamentsdepot.com/products/filaments-depot-gray-petg,Spelling/name tie with different or placeholder HEX; no exact first-party common SKU binding proves these historical variants are identical.,unknown
dup-461266fe7f1d4169145c930b68114c01ac4cc9c936b98588d382fd7e4a051a25,filamentworld,PLA Basic- Dark Green,filamentworld_pla_plabasic-darkgreen_1000_175_p,04A584,PLA Basic Dark Green,filamentworld_pla_plabasicdarkgreen_1000_175_p,006400,https://filamentworld.de/shop/pla-filament-3d-drucker/pla-basic-filament/filamentworld-basic-pla-filament-dunkelgruen-1-75-mm/?switch_shop=b2c,"Existing PLAXBASX175XDGR is currently bound to750g, while these records are1000g; weight identity and Cartesian survivor unresolved. Rule4 Cartesian coverage is not sales evidence.",unknown
dup-15c8883805cac462222e42d5763dbfab2f54df800525bb26ddd39e3ed8c276ed,flashforge,PLA - Gray,flashforge_pla_pla-gray_500_175_p,515F6C,PLA - Grey,flashforge_pla_pla-grey_500_175_p,4D6383,https://after-support.flashforge.jp/uploads/datasheet/tds/PLA_TDS_EN.pdf,Spelling/name tie with different or placeholder HEX; no exact first-party common SKU binding proves these historical variants are identical.,unknown
dup-dc7234d241e0e6efd95b5b3e2d225d674862404f4400033bb3902ca3f5a2fc4f,flashforge,PLA - Gray,flashforge_pla_pla-gray_1000_175_p,515F6C,PLA - Grey,flashforge_pla_pla-grey_1000_175_p,4D6383,https://after-support.flashforge.jp/uploads/datasheet/tds/PLA_TDS_EN.pdf,Spelling/name tie with different or placeholder HEX; no exact first-party common SKU binding proves these historical variants are identical.,unknown
dup-a4f56d98a88206c53508feaa7d858e2419a0607dde34407de25b9378348c3659,iboss,Silk Dual Red / Green,iboss_pla+_silkdualred/green_1000_175_p,"[""ff0000"", ""008000""]",Silk Dual Red Green,iboss_pla+_silkdualredgreen_1000_175_p,66ff8c,https://www.iboss-3d.com/IBOSS-3D-Printer-Filament-PLA-Silk-dual-color-material-pd570215268.html,Spelling/name tie with different or placeholder HEX; no exact first-party common SKU binding proves these historical variants are identical.,unknown
dup-0bc49e98c8e449298a280432faa4f1b9cac9de925498a7791e96354ecb7dc6d5,inland,PLA Basic Gray,inland_pla_plabasicgray_1000_175_c,808080,PLA Basic Grey,inland_pla_plabasicgrey_1000_175_c,585B69,https://www.microcenter.com/product/692937/inland-175mm-pla-basic-3d-printer-filament-1kg-(22lbs)-cardboard-spool-gray,Spelling/name tie with different or placeholder HEX; no exact first-party common SKU binding proves these historical variants are identical.,unknown
dup-377dfee5243440f2c3d930ca9e3d9e5ead5a2d4fabfada1965a1d1eb79a9c284,l3d,PETG Gray,l3d_petg_petggray_3000_175_c,808080,PETG Grey,l3d_petg_petggrey_3000_175_c,A3A3A3,https://shop.lab3d.dk/collections/lab3d-filament-petg,Spelling/name tie with different or placeholder HEX; no exact first-party common SKU binding proves these historical variants are identical.,unknown
dup-b8f73bd251b848e33c161f1d6b40855c4e0c0215183388fe73a7acc0c9152f19,matterhackers,TPU Gray Series (Thermoplastic Polyurethane),matterhackers_tpu_tpugrayseries(thermoplasticpolyurethane)_1000_175_p,B6B9BD,TPU Grey Series (Thermoplastic Polyurethane),matterhackers_tpu_tpugreyseries(thermoplasticpolyurethane)_1000_175_p,B8BAB8,https://www.matterhackers.com/store/c/tpu-thermoplastic-polyurethane,Spelling/name tie with different or placeholder HEX; no exact first-party common SKU binding proves these historical variants are identical.,unknown
dup-6321b0a86399b6b15f11f4dc4f1454071e35125f57ab956e45bdcdbacf2f3ef7,overture,TPU Gray,overture_tpu_tpugray_1000_175_c,9F9F9F,TPU Grey,overture_tpu_tpugrey_1000_175_c,E2E7E9,,OV083 TPU Gray/Grey: different specific HEX and no exact common SKU binding; explicitly owner-deferred.,unknown
dup-f19051aa2dcd18ae24e90b53dd45e7af7ab84c0d9c04e662c3b8d46c0443e2aa,professionallab,PLA Gray,professionallab_pla_plagray_1000_175_p,AAAAAA,PLA Grey,professionallab_pla_plagrey_1000_175_p,808080,,Spelling/name tie with different or placeholder HEX; no exact first-party common SKU binding proves these historical variants are identical.,unknown
dup-034167fdd92059eb1d45ce02a412601a506e428663ee171e1c9bc957ccdd1678,r3d,PETG Gray,r3d_petg_petggray_1000_175_c,E7EAF2,PETG Grey,r3d_petg_petggrey_1000_175_c,808080,,Spelling/name tie with different or placeholder HEX; no exact first-party common SKU binding proves these historical variants are identical.,unknown
dup-2aeaee15e70fe5dcad05e0feb9216866dee6a061fa5d0d02b96f78a8217ffa87,r3d,PETG Gray,r3d_petg_petggray_1000_175_p,E7EAF2,PETG Grey,r3d_petg_petggrey_1000_175_p,808080,,Spelling/name tie with different or placeholder HEX; no exact first-party common SKU binding proves these historical variants are identical.,unknown
dup-e8f507721d490796752bf5cccef4e230205242341cae0ad8b38ffb5871318d98,sirayatech,Cf HF - Black,sirayatech_petg-cf_cfhf-black_1000_175_p,000000,Cf HF Black,sirayatech_petg-cf_cfhfblack_1000_175_p,000000,https://siraya.tech/pages/fibreheart-petg-cf-hf-tds-3d-printing-filament,No survivor priority resolves the spelling tie; current HF/ProHF product line/SKU must not be inferred from ambiguous old labels.,unknown
dup-30bb854d9240b3a016777f8b6dfa75b16c0f1bf737f94d6e1f5362eb72b3c299,smartprint,TPU Gray,smartprint_tpu_tpugray_1000_175_p,7A7A7A,TPU Grey,smartprint_tpu_tpugrey_1000_175_p,808080,,Spelling/name tie with different or placeholder HEX; no exact first-party common SKU binding proves these historical variants are identical.,unknown
dup-e78a0754c1c46f31ecdbcad5f9c6264ae480595155b21f9a8bfb1a5d9b3b8f3f,spectrum,PETG /PTFE Signal White,spectrum_petg_petg/ptfesignalwhite_1000_175_c,EFEFEF,PTFE Signal White,spectrum_petg_ptfesignalwhite_1000_175_c,D9DBD8,https://shop.spectrumfilaments.com/product-eng-1529-Filament-Spectrum-PETG-PTFE-1-75mm-SIGNAL-WHITE-1kg-RAL-9003.html,PTFE qualifier is outside the reviewed allowlist; exact line/SignalWhite SKU binding unresolved. Binding: qualifier not allowlisted or anchored.,unknown
dup-eb862602306fe656b8f581804b1cf96273a4503a63d4a60f44c9a794874885b1,splice3d,PLA Industrial Gray,splice3d_pla_plaindustrialgray_1000_175_p,bdb7b9,PLA Industrial Grey,splice3d_pla_plaindustrialgrey_1000_175_p,5a5955,https://splice3d.com/products/workday-pla?variant=42268611346572,Spelling/name tie with different or placeholder HEX; no exact first-party common SKU binding proves these historical variants are identical.,unknown
dup-227809e3f178bcbc46bedc531cd6195070fa391e1769e5784c4cb13874635be5,winkle,PETG Ash Gray,winkle_petg_petgashgray_1000_175_c,b2beb5,PETG Ash Grey,winkle_petg_petgashgrey_1000_175_c,9C9D9D,https://winkle.shop/index.php?controller=attachment&id_attachment=10,Current code text may describe another package or Glitter line; exact candidate identity/common SKU and HEX binding unresolved.,unknown
dup-86340b8e0149cdefdd56e484a96479d470c15d07c68bf9717c6f9e2e87a69391,winkle,HD PLA Purple,winkle_pla_hdplapurple_1000_175_c,A368BB,PLA HD Purple,winkle_pla_plahdpurple_1000_175_c,800080,https://winkle.shop/index.php?controller=attachment&id_attachment=10,Current code text may describe another package or Glitter line; exact candidate identity/common SKU and HEX binding unresolved.,unknown
dup-c72a1a4fd6ddfec5532776e7b30144a82cded9db61ca29d36cf6a6b2675cc96f,winkle,PETG Ash Gray,winkle_petg_petgashgray_300_175_c,b2beb5,PETG Ash Grey,winkle_petg_petgashgrey_300_175_c,9C9D9D,https://winkle.shop/index.php?controller=attachment&id_attachment=10,Current code text may describe another package or Glitter line; exact candidate identity/common SKU and HEX binding unresolved.,unknown
